,location,loc_altitude,km2,aspect,dist_motorway,dist_trunk,dist_primary,dist_secondary,dist_tertiary,dist_unclassified,dist_residential,popn,hh,hh_cook_charcoal,hh_cook_firewood,hh_burn_waste
0,A,1122.4,1.9,194.0,,,14.69578945,343.5950389,575.9174216,330.6097755,254.3074148,4763,809,508,43,142
1,B,1155.4,5.4,219.8,,528.0784759,2172.6804620000003,1144.3764119999998,531.1032705,65.1420043,1.042808892,22243,5735,116,1144,239
2,C,1178.3,8.5,168.7,,32.88551954,4794.704552,12.73048852,72.45934032,406.96781519999996,13.93134954,97895,26873,21316,751,9835
3,D,980.8,0.8,90.0,,,265.8964721,,339.6939077,76.02438885,11.60144208,3596,663,7,651,99
4,E,1186.5,1.6,121.0,,850.4231312999999,,1738.8729420000002,137.72208740000002,449.5918853999999,3.836588765,6064,1297,985,26,43
